{
    "display": {
        "icon": {
            "item": "minecraft:iron_ingot"
        },
        "title": {
            "text": "Count Mob Deaths",
            "color": "white",
            "bold": false,
            "italic": false
        },
        "description": {
            "text": "Adds the ability to view all mob deaths during the time the system is started. Can be stopped when you want. /trigger md_help",
            "color": "green",
            "bold": false,
            "italic": true
        },
        "show_toast": false,
        "announce_to_chat": false,
        "frame": "goal"
    },
    "parent": "main:main/root",
    "criteria": {
        "tick": {
            "trigger": "minecraft:tick"
        }
    }
}