{"stats":{"minecraft:used":{"minecraft:wheat_seeds":188,"minecraft:oak_trapdoor":2,"minecraft:water_bucket":54,"minecraft:diorite":3,"minecraft:cobblestone_stairs":1,"minecraft:stone_shovel":576,"minecraft:stone_pickaxe":2860,"minecraft:ladder":15,"minecraft:chest":21,"minecraft:wooden_pickaxe":118,"minecraft:wooden_shovel":119,"minecraft:sugar_cane":193,"minecraft:cooked_salmon":4,"minecraft:stone_hoe":201,"minecraft:rotten_flesh":3,"minecraft:torch":287,"minecraft:dark_oak_trapdoor":31,"minecraft:dirt":374,"minecraft:crafting_table":4,"minecraft:birch_sign":6,"minecraft:polished_granite_slab":90,"minecraft:dark_oak_planks":1,"minecraft:wooden_axe":141,"minecraft:apple":5,"minecraft:dark_oak_log":3,"minecraft:stone_axe":894,"minecraft:cobblestone":46,"minecraft:oak_sapling":26,"minecraft:furnace":2,"minecraft:cooked_porkchop":4,"minecraft:bucket":56,"minecraft:andesite":20},"minecraft:crafted":{"minecraft:oak_planks":400,"minecraft:wooden_shovel":2,"minecraft:stone_shovel":7,"minecraft:polished_granite_slab":84,"minecraft:cooked_porkchop":4,"minecraft:crafting_table":5,"minecraft:iron_helmet":1,"minecraft:wooden_pickaxe":2,"minecraft:furnace":1,"minecraft:dark_oak_trapdoor":30,"minecraft:cooked_salmon":19,"minecraft:polished_granite":44,"minecraft:cobblestone_stairs":20,"minecraft:bucket":2,"minecraft:birch_planks":88,"minecraft:stone_axe":23,"minecraft:air":0,"minecraft:oak_trapdoor":2,"minecraft:iron_boots":1,"minecraft:iron_chestplate":1,"minecraft:polished_diorite":68,"minecraft:charcoal":2,"minecraft:shield":1,"minecraft:ladder":42,"minecraft:stick":380,"minecraft:iron_pickaxe":2,"minecraft:iron_ingot":47,"minecraft:stone_pickaxe":38,"minecraft:wooden_axe":2,"minecraft:chest":21,"minecraft:iron_leggings":1,"minecraft:dark_oak_planks":128,"minecraft:torch":264,"minecraft:stone_hoe":3,"minecraft:birch_sign":6,"minecraft:polished_andesite":44},"minecraft:broken":{"minecraft:stone_pickaxe":21,"minecraft:wooden_shovel":2,"minecraft:stone_axe":4,"minecraft:wooden_axe":2,"minecraft:stone_shovel":3,"minecraft:wooden_pickaxe":2},"minecraft:mined":{"minecraft:polished_granite_slab":9,"minecraft:farmland":1,"minecraft:oak_sapling":1,"minecraft:dark_oak_leaves":18,"minecraft:dark_oak_log":368,"minecraft:torch":6,"minecraft:granite":64,"minecraft:grass_block":248,"minecraft:poppy":1,"minecraft:cobblestone":6,"minecraft:sugar_cane":197,"minecraft:diorite":275,"minecraft:wall_torch":5,"minecraft:oak_trapdoor":1,"minecraft:furnace":1,"minecraft:dark_oak_trapdoor":1,"minecraft:wheat":45,"minecraft:birch_log":60,"minecraft:iron_ore":69,"minecraft:birch_leaves":22,"minecraft:andesite":168,"minecraft:grass":286,"minecraft:oak_log":249,"minecraft:coal_ore":149,"minecraft:gravel":80,"minecraft:sand":3,"minecraft:dirt":398,"minecraft:birch_sign":1,"minecraft:stone":2215,"minecraft:oak_leaves":140,"minecraft:dark_oak_planks":1},"minecraft:killed":{"minecraft:pig":3,"minecraft:salmon":20,"minecraft:spider":2,"minecraft:creeper":1,"minecraft:zombie":2},"minecraft:dropped":{"minecraft:stone_axe":2,"minecraft:stone_shovel":1,"minecraft:dirt":64,"minecraft:ladder":1,"minecraft:wooden_shovel":1,"minecraft:stone_hoe":1},"minecraft:custom":{"minecraft:interact_with_furnace":21,"minecraft:mob_kills":28,"minecraft:interact_with_crafting_table":67,"minecraft:play_one_minute":289383,"minecraft:leave_game":1,"minecraft:time_since_death":289383,"minecraft:climb_one_cm":19131,"minecraft:time_since_rest":289383,"minecraft:sprint_one_cm":535570,"minecraft:damage_taken":250,"minecraft:walk_one_cm":1279728,"minecraft:drop":7,"minecraft:damage_dealt":1714,"minecraft:swim_one_cm":1843,"minecraft:fly_one_cm":19716,"minecraft:open_chest":155,"minecraft:crouch_one_cm":2015,"minecraft:sneak_time":986,"minecraft:walk_under_water_one_cm":39153,"minecraft:jump":808,"minecraft:walk_on_water_one_cm":62448,"minecraft:fall_one_cm":3471},"minecraft:picked_up":{"minecraft:birch_log":68,"minecraft:charcoal":6,"minecraft:wheat":45,"minecraft:ladder":1,"minecraft:salmon":19,"minecraft:andesite":167,"minecraft:birch_planks":8,"minecraft:flint":13,"minecraft:oak_log":266,"minecraft:gunpowder":2,"minecraft:dark_oak_trapdoor":1,"minecraft:string":1,"minecraft:dirt":718,"minecraft:apple":6,"minecraft:wheat_seeds":188,"minecraft:iron_ore":69,"minecraft:wooden_shovel":1,"minecraft:poppy":1,"minecraft:sugar_cane":215,"minecraft:birch_sapling":20,"minecraft:stone_hoe":1,"minecraft:furnace":1,"minecraft:dark_oak_sapling":14,"minecraft:stick":98,"minecraft:torch":25,"minecraft:gravel":67,"minecraft:porkchop":4,"minecraft:sand":3,"minecraft:ink_sac":4,"minecraft:diorite":273,"minecraft:dark_oak_log":396,"minecraft:spider_eye":1,"minecraft:dark_oak_planks":1,"minecraft:stone_shovel":1,"minecraft:rotten_flesh":3,"minecraft:stone_axe":2,"minecraft:polished_granite_slab":8,"minecraft:granite":62,"minecraft:birch_sign":1,"minecraft:oak_sapling":73,"minecraft:coal":149,"minecraft:cobblestone":2368}},"DataVersion":2567}